Номер;Ник;Уровень;Ранг (Дуэль);Ранг (Взносы);Приоритет;День;Вагон;Комментарий
1;PROvokaTOR;30;1;13;1;;;
2;KKKe;30;2;13;2;;;
3;General-Alcohol;29;3;13;3;;;
4;devyy;30;4;13;4;;;
5;lBlackFlint;29;5;13;5;;;
6;VaRvArTTT;28;6;13;6;;;
7;Аллегрова;30;7;13;7;;;
8;HexaS;25;8;13;8;;;
9;◇ZloiPAPA◇;30;9;12;9;;;
10;SenjorTomato;30;10;13;10;;;
11;Defa1000;28;11;13;11;;;
12;ДядяВова;28;12;13;12;;;
13;LAMPOCHKA;30;13;5;5;;;
14;~Sirena~;;14;999;14;;;
15;AZEeyyub;27;15;13;13;;;
16;Dzil2°;;16;999;16;;;
17;VishenkA;28;17;2;2;;;
18;MixturA;28;18;7;7;;;
19;TaraKash;;19;999;19;;;
20;YodasTR;26;20;13;13;;;
21;friendWww;28;21;13;13;;;
22;sølarmoon;;22;999;22;;;
23;страх;27;23;13;13;;;
24;Layrouse;29;24;13;13;;;
25;Лемниската;28;25;13;13;;;
26;Katerinaaaa;;26;999;26;;;
27;Tusker777;27;27;13;13;;;
28;Hkn;28;28;13;13;;;
29;AtAman;28;29;4;4;;;
30;¢uteUbivashka;;30;999;30;;;
31;KomstoK;29;31;13;13;;;
32;LeXa-;25;32;13;13;;;
33;Solnce;29;33;13;13;;;
34;Klapan;28;34;13;13;;;
35;PolWilliam;28;35;13;13;;;
36;《Kochō》;28;36;13;13;;;
37;DziL;29;37;13;13;;;
38;RamZz;28;38;13;13;;;
39;TaifunDevilry;;39;999;39;;;
40;88Алина88;28;40;13;13;;;
41;AnkaNur;;41;999;41;;;
42;Arphira;26;42;13;13;;;
43;Yaa°Blue;28;43;13;13;;;
44;KrisFreed;23;44;13;13;;;
45;doraa;24;45;13;13;;;
46;Salihh41;;46;999;46;;;
47;SHAKAL;26;47;13;13;;;
48;Casstiell;28;48;13;13;;;
49;Dze;28;49;13;13;;;
50;Pink-Princess;;50;999;50;;;
51;DrEnchantress132;;51;999;51;;;
52;Marani;;52;999;52;;;
53;ToEachHisOwn;26;53;13;13;;;
54;TymkalA;27;54;13;13;;;
55;Mielczara;25;55;13;13;;;
56;Marycl3;27;56;13;13;;;
57;IDARQ;27;57;13;13;;;
58;★きゃら★;24;58;13;13;;;
59;•ДобрАя•МаМкА•;28;59;13;13;;;
60;Yulie;24;60;13;13;;;
61;Napasorn;26;61;13;13;;;
62;brooze;24;62;13;13;;;
63;★BipolarStar★;29;63;13;13;;;
64;AFRODİT;;64;999;64;;;
65;Maha1990;;65;999;65;;;
66;Løveungen;;66;999;66;;;
67;NailenPR;;67;999;67;;;
68;Shunyusik;;68;999;68;;;
69;BenBlast;26;69;13;13;;;
70;Umbra4989;;71;999;71;;;
71;변기에넣고서내려;24;72;13;13;;;
72;Aaaadelina;26;73;13;13;;;
73;DreamerDoom;19;74;13;13;;;
74;~•Кнопка•~;27;75;13;13;;;
75;Shterman;;76;999;76;;;
76;GOLI;;77;999;77;;;
77;zOOm;26;78;13;13;;;
78;Asdeum;;79;999;79;;;
79;Jesuscrafting;20;80;13;13;;;
80;AlexSN;;81;999;81;;;
81;Doctor-Cesar-;;82;999;82;;;
82;честный;;83;999;83;;;
83;tobi001;24;84;13;13;;;
84;Dagoer;;85;999;85;;;
85;MasoudEsm;29;86;13;13;;;
